AÑO,MES,"ALIMENTACIÓN, B. NO ALCOH.","B. ALCOH, TABACOS","P.VESTIR, CALZADO","ALOJAMIENTO, AGUA-ELECTR, GAS Y OTROS",MUEBLES Y ARTÍCULOS P. EL HOGAR,GASTO EN SALUD,TRANSPORTE,COMUNICACIÓN,"RECREACIÓN, CULTURA",EDUCACIÓN,RESTAURANT. HOTELES,"BIENES, SERV. DIVERSOS",INDICE GENERAL,VARIACIONES (%) MENS.,ACUM.,INTERANUAL
1994,DIC,"29,2","33,1","53,7","35,2","37,6","34,5","23,3","20,8","37,8","28,8","40,2","42,1","32,8","0,9","18,3","18,3"
1995,ENE,"30,3","32,2",54,"35,7","38,1",35,"23,4","20,8","38,1","28,9","40,3","42,1","33,4","1,8","1,8","16,9"
1995,FEB,"30,5","32,2","54,4","35,8","38,4","35,7","23,5","20,8","38,4","29,1","41,4","42,4","33,7","0,9","2,7","14,6"
1995,MAR,"30,8","32,4","54,9",37,"38,9","36,1","23,6","20,8","38,9",34,"42,3","42,9","34,3","1,6","4,4","14,3"
1995,ABR,31,"32,7","55,4",37,"39,5","36,5","23,7","20,8","39,3","36,3","42,5",43,"34,5","0,8","5,3",14
1995,MAY,"30,7","32,7","55,9","39,3","40,1","37,5","23,8","20,8","40,6","36,3","42,6",43,"34,8","0,7",6,"14,3"
1995,JUN,"31,1","32,9","56,3","39,4","40,6",38,"23,8","20,8",41,"36,3","43,5","43,6","35,2","1,1","7,2",15
1995,JUL,"31,4","32,9","56,6","40,1","41,1","38,5","23,8","20,8","41,5","36,3","44,2","44,3","35,5",1,"8,3","14,5"
1995,AGO,31,"33,2","56,7","40,1","41,2","38,8","23,9","20,8","42,1","36,3","44,5","44,4","35,4","-0,2","8,1","12,4"
1995,SEP,"30,8","33,3","56,9","40,8","41,4",39,"23,9","20,8","42,6","36,3","44,6","44,5","35,5","0,2","8,3","12,3"
1995,OCT,31,"33,8","57,3","40,8","41,7","39,3","25,2","20,8","42,6","36,3","44,3","44,7","35,8","0,8","9,2","12,2"
1995,NOV,"30,7","34,6","57,7","41,1","42,3","39,6","26,5","20,8",42,"36,3","44,5",45,36,"0,4","9,6","10,6"
1995,DIC,"31,2",36,58,"41,2","42,9","39,8","26,5","20,8",42,"36,4","44,5","45,3","36,3","0,8","10,5","10,5"
1996,ENE,32,"36,1","58,2","41,6","43,2","40,8","26,8","20,8","42,1","36,6","45,5","45,7","36,8","1,6","1,6","10,3"
1996,FEB,"32,2","36,4","58,5","44,3","43,5","41,2","28,2","20,8","42,4","36,5",46,"46,2","37,5","1,7","3,4","11,2"
1996,MAR,"32,5","36,7","58,8","45,2","43,9","41,3","28,4","20,8","42,7","44,3","46,6","46,8",38,"1,5","4,9","11,1"
1996,ABR,"32,7","36,6","59,1","45,3","44,1","42,1","28,6","20,8","42,9","44,4","47,2",47,"38,3","0,6","5,6","10,9"
1996,MAY,"32,6",37,"59,6",46,"44,3","42,9","28,8","20,8","42,9","44,4","47,5","47,3","38,4","0,4",6,"10,5"
1996,JUN,"32,6","37,2","59,9","46,1","44,5","43,2","28,8","20,8",43,"44,4","48,4","47,6","38,6","0,3","6,4","9,6"
1996,JUL,"32,5","37,1","60,2","46,6","44,8","44,1","28,9","20,8",43,"44,5","49,2","47,8","38,7","0,4","6,8","8,9"
1996,AGO,"32,5","37,4","60,3","46,7","45,2","45,1",29,"20,8","43,9","44,6","49,8","47,7","38,9","0,4","7,2","9,7"
1996,SEP,"32,7","37,4","60,5","46,9","45,3","45,1",29,"20,8",44,"44,6","49,8","47,9",39,"0,3","7,5","9,8"
1996,OCT,"32,5","38,2","60,5","46,9","45,7","45,4",29,"20,8","44,1","44,6","49,9","48,1",39,0,"7,5","8,9"
1996,NOV,"32,5","38,5","60,6","47,1","45,9","45,7",29,"20,8","44,4","44,7","49,6","48,9","39,1","0,3","7,9","8,8"
1996,DIC,"32,5","38,6","60,7","47,1",46,"45,7",29,"20,8","44,9","44,7","49,9","49,5","39,2","0,3","8,2","8,2"
1997,ENE,"32,7","38,5","60,9","47,7","46,4","45,9","30,1","20,8",45,"44,7","50,3","50,1","39,6","0,9","0,9","7,4"
1997,FEB,"33,1","38,6",61,"50,4","46,6","46,1","31,3","20,8","46,4","44,7","51,3","50,5","40,3","1,9","2,8","7,6"
1997,MAR,"34,6","38,9","61,4","51,1","46,8","46,3","31,4","20,8","47,3","51,2","52,4","50,6","41,3","2,5","5,3","8,6"
1997,ABR,"34,5",39,"61,5","51,1","47,2","47,7","31,4","20,8","47,2","51,2","52,5","50,7","41,4","0,2","5,5","8,1"
1997,MAY,"33,9","39,1","61,7","51,7","47,5","48,3","31,4","20,8","47,2","51,2","52,6","50,9","41,3","-0,3","5,2","7,4"
1997,JUN,"34,5","39,2","61,9","51,6","47,6","48,6","31,4","20,8","47,2","51,2","52,6",51,"41,6","0,8",6,"7,9"
1997,JUL,"33,9","39,5","62,2","51,8","47,8","48,8","31,4","20,8","47,4","51,2","52,8","51,1","41,4","-0,5","5,5","6,9"
1997,AGO,"33,6","39,7","62,3","51,7","48,1","48,9","31,4","20,8","47,4","51,2","53,1","51,1","41,3","-0,2","5,3","6,3"
1997,SEP,"33,4","39,8","62,4","51,8","48,1","49,3","31,4","20,8","47,4","51,2","53,1",51,"41,3","-0,1","5,2","5,9"
1997,OCT,"33,2",40,"62,5","51,8","48,3","50,2","31,4","20,8","47,5","51,2","53,1",51,"41,2","-0,1","5,2","5,8"
1997,NOV,33,"40,3","62,8","52,1","48,3","50,8","31,5","20,8","48,5","51,2","53,3",51,"41,3","0,1","5,3","5,6"
1997,DIC,"33,8","40,3","62,8","52,1","48,3","50,8","31,5","20,8","48,6","51,2","53,5","51,2","41,7","0,9","6,2","6,2"
1998,ENE,"34,4","41,5","62,2","52,2","48,9","51,4",33,"20,8","48,8","51,4","54,2","51,8","42,2","1,4","1,4","6,8"
1998,FEB,"35,1","44,5","61,7","54,8","50,1","51,8","33,1","20,8",51,"51,7",55,"52,7","43,1","2,1","3,5",7
1998,MAR,36,"45,1","62,3",55,"50,9","52,7","33,2","20,8","52,6","60,2","55,4","53,4",44,"2,1","5,7","6,6"
1998,ABR,"37,1","46,1","63,1","55,2","51,8","55,3","33,4","20,8","53,1","60,3","56,1",54,"44,9","1,9","7,8","8,4"
1998,MAY,"38,3","47,7","64,3","55,6","53,2","57,2","33,4","20,8","57,8",61,"57,7",55,"46,1","2,7","10,7","11,7"
1998,JUN,"37,9","47,9",65,"55,8","53,6","57,8","33,5","20,8",58,61,"58,1","55,5","46,1",0,"10,7","10,8"
1998,JUL,"37,8","48,3","65,4","56,2","54,3","58,7","33,7","20,8","58,5",61,"58,4","56,1","46,3","0,4","11,1","11,8"
1998,AGO,"38,1","48,5","65,8","56,3",55,"59,3","37,3","20,8","57,6",61,"58,6","56,6","46,9","1,4","12,6","13,6"
1998,SEP,"38,9",50,"66,3","56,4","55,4","59,6","37,3","20,8","58,6",61,"58,7","56,9","47,5","1,1","13,9",15
1998,OCT,"39,5","51,3","66,8","56,4","55,6","60,1","37,6","20,8","58,9",61,59,"57,2","47,9","0,9","14,9",16
1998,NOV,"39,3","51,7",67,"56,5","55,7","60,5","37,7","20,8","58,8",61,"59,4","57,3","47,9",0,15,16
1998,DIC,39,52,"67,3","56,5","55,8","60,6","37,7","20,8","58,9",61,"59,3","57,5","47,8","-0,3","14,6","14,6"
1999,ENE,"38,9","52,1","67,4","56,7","55,9","61,2","37,7","20,8","61,6",61,"59,3","57,6","47,9","0,3","0,3","13,4"
1999,FEB,39,"52,1","67,5","56,7","56,1","61,6","37,7","20,8","62,9",61,"59,5","57,7","48,1","0,4","0,7","11,5"
1999,MAR,"38,6","52,1","67,4","57,2","56,2","61,9","37,7","20,8","63,7","67,4","59,4","57,2","48,2","0,2","0,8","9,3"
1999,ABR,"38,8","51,9","67,5","57,3","56,5","63,1","37,8","20,8","63,7","67,5","59,6","57,3","48,3","0,4","1,2","7,6"
1999,MAY,"38,1","52,2","67,8","57,3","56,7","63,9","37,8","20,8","63,7","67,6","59,6","57,4","48,1","-0,4","0,8","4,4"
1999,JUN,"37,6","54,1","68,1","57,4","57,6","64,1",38,"20,8","64,2","67,6","59,6","57,8","48,1",0,"0,8","4,4"
1999,JUL,39,"56,3","68,7","58,6","59,4","64,9","38,9","20,8","66,2","67,6","60,6","59,2","49,4","2,6","3,4","6,7"
1999,AGO,"39,3","56,4","68,3","58,6","59,4","67,2","39,1","20,8","66,5","67,5","60,9",60,"49,7","0,6","4,1","5,9"
1999,SEP,"38,8",57,"68,9","58,8","59,8","68,3","39,5","20,8","66,6","67,5","60,2","60,5","49,7",0,4,"4,7"
1999,OCT,"38,8","57,1","69,4","58,8","59,9","68,8","41,1","20,8","66,3","67,5","60,2","60,6","49,9","0,5","4,6","4,3"
1999,NOV,39,"57,4","69,3","58,8","59,9",69,42,"20,8",66,"67,5","60,2",61,"50,1","0,3","4,9","4,6"
1999,DIC,"39,7","57,9","69,1","58,6","59,9","69,2","41,4","20,8","66,2","67,5","60,2","61,4","50,3","0,5","5,4","5,4"
2000,ENE,"40,6","58,2","69,2","58,8","59,8","69,5","43,1","20,8","65,9","67,5","60,6","61,5",51,"1,3","1,3","6,4"
2000,FEB,"41,3","58,7","69,4","59,6","60,3","69,7","45,1","20,8",66,"67,5","61,7","61,9","51,7","1,4","2,7","7,5"
2000,MAR,"42,2","59,2","69,8","60,9","60,5",70,"46,4","20,8","69,4","72,8","62,1","62,5","52,8","2,1","4,8","9,6"
2000,ABR,"42,7","59,9","70,1","61,8","60,7","70,4","46,6","20,8","69,7",73,63,"62,9","53,2","0,8","5,7","10,1"
2000,MAY,"42,6",60,"70,2","61,4","61,1","71,1","48,1","20,8","69,7",73,"63,7",63,"53,4","0,4","6,1",11
2000,JUN,"41,3","60,3","70,4","61,5","61,3","71,1","49,7","20,8","69,7",73,"63,7","63,2","53,1","-0,6","5,5","10,3"
2000,JUL,"41,4","60,3","70,6","61,5","61,7","71,7","49,7","20,8","69,9",73,"63,8","63,2","53,2","0,2","5,8","7,8"
2000,AGO,42,"60,3","70,6","61,5","61,7","72,2","49,9","20,8","69,9","74,3","63,9","63,4","53,6","0,6","6,4","7,8"
2000,SEP,"42,6","60,3","70,7","65,9","61,7","72,2",51,"20,8","69,7","74,3","63,9","63,5","54,4","1,5",8,"9,4"
2000,OCT,"43,1","60,4","70,8","66,3","61,7","72,3","51,3","20,8","69,6","74,3","64,1","63,6","54,7","0,6","8,6","9,5"
2000,NOV,"43,4","60,4","70,9","66,5","61,9","72,4","51,4","20,8","69,8","74,3","64,3","63,6","54,9","0,4","9,1","9,6"
2000,DIC,"42,9","60,4","70,9","66,5",62,"72,5","51,4","20,8","69,6","74,3","64,3","63,8","54,7","-0,4","8,6","8,6"
2001,ENE,"43,3","60,3",71,"66,9","62,7","72,6","53,9","53,9","69,6","74,3",64,"64,5","55,5","1,5","1,5","8,9"
2001,FEB,"43,6","60,6","71,2","68,1","63,2","73,1",54,"53,9","69,8","74,3","63,9","64,7","55,9","0,7","2,1",8
2001,MAR,"45,1","64,8","70,8","68,6","63,8","73,4","53,9","53,9","73,1","77,3",64,"65,1","56,9","1,8",4,"7,8"
2001,ABR,"45,7","65,2","71,8",69,"64,5","73,6",54,"53,9","73,3","77,1","64,9","65,5","57,4","0,9","4,9","7,8"
2001,MAY,"44,5",66,"72,2","69,5","64,4","73,9","54,1","53,9","73,3","77,1","65,4","65,8",57,"-0,7","4,2","6,7"
2001,JUN,"43,1","66,3","72,3",70,"64,6","74,1","54,4","53,9",74,"78,1","65,7",66,"56,6","-0,6","3,6","6,7"
2001,JUL,"42,8","67,5","72,4","70,5","65,4","75,4","55,1","53,9","75,6","78,1","66,3","66,8","56,9","0,4",4,"6,9"
2001,AGO,"42,9","71,4","72,9","71,1","66,6","75,7",56,"53,9","76,4","78,1","66,9","67,6","57,4",1,5,"7,2"
2001,SEP,"43,4","72,5","73,4","71,3","67,2","76,2",56,"53,9","76,9","78,1","67,1","68,3","57,8","0,7","5,8","6,4"
2001,OCT,"43,4","74,6","73,5","71,5","67,5","76,9","56,1","53,9","77,4","78,1","67,7","69,3","58,1","0,4","6,2","6,2"
2001,NOV,"43,7","75,5","73,8","71,5","68,1","77,1","56,2","53,9","78,2","78,1","68,3","70,4","58,4","0,6","6,8","6,4"
2001,DIC,"45,4","76,1","73,9","71,5","68,4","77,2","56,3","53,9","78,6","78,1","68,4",71,"59,3","1,5","8,4","8,4"
2002,ENE,"46,2","76,8",74,"71,5","68,9","77,9","56,4","53,9","79,2","78,5",69,"71,3","59,8","0,9","0,9","7,7"
2002,FEB,"45,8",77,"74,3","71,5","69,3","78,6","56,4","53,9","80,2","78,5","69,4","71,8","59,8",0,"0,9","7,1"
2002,MAR,"46,8","77,4","74,4","73,9","69,7","78,8","56,4","53,9","81,1","81,9","69,2","71,4","60,6","1,3","2,2","6,5"
2002,ABR,"46,9",77,"74,6","74,7","69,5","79,3","56,4","74,1",81,"81,9","69,2","71,8","60,9","0,5","2,7","6,1"
2002,MAY,"46,5","77,4",75,"75,6","69,7","78,9","56,6","74,1",81,"81,9","69,2",72,"60,8",0,"2,7","6,8"
2002,JUN,"47,5","78,4","75,3","77,2","71,2","79,1","58,8","74,1","82,3","81,9","69,8","72,5",62,"1,8","4,5","9,4"
2002,JUL,"48,3","79,9","75,7","78,6","74,6","78,8","62,9","74,1","88,5","82,1","71,2","74,1","63,6","2,7","7,3","11,8"
2002,AGO,"49,9","84,6","76,3","79,6","77,7","78,2","63,4","74,1","89,9","82,1","74,4","76,3","65,1","2,3","9,8","13,3"
2002,SEP,51,"84,9","77,6","80,9","77,8","77,9","63,4","74,1","90,1","82,1","75,8","76,9","65,8","1,1","11,1","13,8"
2002,OCT,"50,9","84,3","77,9","81,9","78,8","77,9","63,8","74,1","90,7","82,1","76,4","77,1","66,1","0,4","11,6","13,8"
2002,NOV,"51,7",86,"78,5","82,6",80,"78,8",65,"74,1","91,5","82,1","77,4","77,7","66,9","1,3",13,"14,6"
2002,DIC,"52,9","85,6",79,"83,8","81,2",79,"65,5","74,1","92,3","82,1","78,6","79,2","67,9","1,5","14,6","14,6"
2003,ENE,"56,6","87,8","79,6","85,4","82,4","79,5","70,3","74,1","93,9","82,2","80,6","81,4","70,6",4,4,"18,2"
2003,FEB,"58,8","88,8","80,2","85,7","81,9","79,6","71,6","74,1","93,8","82,5","80,9","82,9","71,9","1,8","5,8","20,2"
2003,MAR,"60,5",89,"80,9",86,"82,2","79,4","71,8","74,1","93,9","84,9","81,4","83,2","72,8","1,2","7,1","20,2"
2003,ABR,"62,1","88,3","81,3","86,4","82,5","80,1","71,9","74,1","94,1","85,1","81,7","83,9","73,6","1,2","8,4",21
2003,MAY,"60,3","88,3","79,5",86,"82,5","80,5","71,7","74,1","93,9","85,2","81,8","84,1","72,8","-1,2","7,1","19,6"
2003,JUN,"58,4","87,8","82,7","85,5","81,9","80,6","69,4","74,1","92,6","85,2","81,9","83,8","71,7","-1,5","5,5","15,7"
2003,JUL,"57,9","87,6","82,7","84,8","81,4","80,6",69,"74,1","92,1","85,3","80,4","83,5","71,2","-0,7","4,8",12
2003,AGO,"57,5","87,3","82,8","84,2","81,4","80,6","70,3","74,1","91,8","85,5","79,1","83,7","71,1","-0,2","4,6","9,2"
2003,SEP,"57,8",87,"83,1",84,"81,2","80,7","70,2","74,1","91,6","85,5","79,1","83,6","71,2","0,2","4,7","8,1"
2003,OCT,"60,9","86,7","83,7","84,2",82,"80,7","70,4","74,1","91,9","85,5","79,4","83,6","72,6","2,1","6,9","9,9"
2003,NOV,"62,7","86,7","84,3","84,1","82,3",81,"70,4","74,1","94,7","85,5",80,"83,6","73,6","1,3","8,3","9,9"
2003,DIC,"64,3","86,6","84,5","84,1","82,2","81,5","70,4","74,1","94,8","85,5","80,1","83,3","74,3","0,9","9,3","9,3"
2004,ENE,"64,4","85,7","84,8","84,5","82,6","82,2",71,"74,1","95,1","85,5","80,1","83,7","74,5","0,3","0,3","5,5"
2004,FEB,"64,3","85,7","85,1","84,7","82,7",83,"71,2","74,1","95,6","85,5","80,6","84,1","74,6","0,1","0,5","3,8"
2004,MAR,"64,4","85,7","85,3",85,"83,1","82,9","72,3","74,1","95,4","87,6","81,5","84,2",75,"0,5","0,9",3
2004,ABR,"63,9","86,1","85,4","85,3","83,3","83,3","72,4","74,1",95,"87,7",81,"84,4","74,8","-0,2","0,7","1,6"
2004,MAY,"63,9","86,2","85,8","85,8","83,4","83,6","73,3","74,1","94,9","87,7","81,1","84,3",75,"0,2",1,"3,1"
2004,JUN,65,"86,4","85,9","86,4","83,6","83,7","74,2","74,1","95,1","87,7","81,1","84,5","75,7","0,9","1,9","5,5"
2004,JUL,"65,2","86,4","85,2","86,6","83,9","84,6","74,1","74,1",95,"87,7","81,4","84,4","75,8","0,2",2,"6,4"
2004,AGO,"67,8","86,3","85,3","87,1","83,5","84,6","73,9","74,1","95,8","87,7","81,5","84,4","76,9","1,5","3,6","8,3"
2004,SEP,65,"86,2","86,5","87,7","83,4","84,8","73,9","74,1","96,1","87,7","82,2","84,5","75,9","-1,3","2,2","6,7"
2004,OCT,"63,1","86,2","86,9","87,5","83,4","84,5","74,7","74,1","96,2","87,7","82,4","84,8","75,2","-0,9","1,3","3,6"
2004,NOV,"61,9","87,3","87,2","87,4","83,6","84,5","77,6","74,1","96,1","87,7","82,9","85,7","75,1","-0,1","1,1","2,1"
2004,DIC,"63,8",88,"87,7","87,3","83,8","84,5",80,"74,1","96,2","87,7","83,7","86,4","76,4","1,6","2,8","2,8"
2005,ENE,"64,6","88,3","87,9","87,6","84,6","84,8","80,3","74,1",96,"87,6","84,4","86,8","76,9","0,7","0,7","3,2"
2005,FEB,"65,2","88,4",88,"87,6","85,4","84,9","81,7","74,1","96,5","87,6","83,2","87,2","77,3","0,6","1,3","3,6"
2005,MAR,"66,8","88,6","88,4","87,7","86,2","84,9","82,1","74,1","96,7","91,9","82,2","87,2","78,2","1,2","2,5","4,4"
2005,ABR,"67,4","88,9","88,7","88,8","87,2","84,9","86,4","74,1",97,"92,1",83,"87,2","79,2","1,3","3,7","5,9"
2005,MAY,"68,3",89,"89,4","89,7","88,2","86,4","90,4","74,1","97,1","92,2","83,7","87,8","80,4","1,5","5,2","7,2"
2005,JUN,"67,6",89,"89,9",90,"88,6","86,5","91,1","74,1","97,2","92,2","84,3","88,1","80,3","-0,1","5,1","6,1"
2005,JUL,"67,3","89,4","90,5","89,9",89,"87,5","94,1","74,1","97,1","92,3","84,3","88,3","80,7","0,5","5,6","6,4"
2005,AGO,"66,6","89,7","90,8","89,9","89,5",88,"95,4","74,1","97,1","92,4","83,7","88,5","80,6","-0,1","5,5","4,7"
2005,SEP,"68,5","93,3",91,"90,3","89,9","88,7","96,3","74,1","97,3","92,4","83,5","89,2","81,6","1,4","6,9","7,6"
2005,OCT,"70,2","94,4","91,6","92,5","90,7",89,"97,8","74,1","97,5","92,5","84,5","89,5",83,"1,6","8,6","10,3"
2005,NOV,73,"94,5","91,9","93,2","91,8","89,4","98,3","74,1","97,7","92,6","85,1","89,7","84,4","1,7","10,5","12,3"
2005,DIC,"71,6","94,5","92,2","92,8","93,1","89,5","97,5","74,1","97,8","92,6","85,9","90,2","83,9","-0,6","9,9","9,9"
2006,ENE,"73,9","94,3","92,6","92,9","94,4","89,6","97,5","74,1",98,"92,6","86,1","91,3","85,1","1,4","1,4","10,6"
2006,FEB,"75,5","94,6","93,3","92,8",95,"89,9","97,8","74,6","98,1","92,7","86,9","92,3",86,"1,1","2,5","11,2"
2006,MAR,78,"94,9","93,9","93,1","95,4","90,1","97,8","74,6","98,6","95,2","87,6","92,7","87,3","1,5",4,"11,6"
2006,ABR,"78,5","95,3","94,5","93,1","95,9","90,9",98,"74,6","99,1","95,2","87,5","92,7","87,7","0,4","4,5","10,6"
2006,MAY,"77,2","95,1","94,9",94,"95,9","90,8","99,1","74,6","99,2","95,2","89,4",93,"87,4","-0,3","4,2","8,7"
2006,JUN,"75,4","95,2","95,6","95,3","96,2","91,2","99,6","74,6","99,2","95,2","90,1","93,9",87,"-0,4","3,7","8,4"
2006,JUL,"74,8","95,2","95,7","95,3","96,3","91,2","99,7","74,6","99,1","95,2","90,5","94,1","86,8","-0,2","3,5","7,7"
2006,AGO,"74,8","95,2","95,9","95,9","96,5","91,3","99,9","74,6","99,4","95,1","91,9","94,4",87,"0,2","3,7",8
2006,SEP,"77,8","95,7","96,2","96,3","96,8","91,9","99,7","74,6","99,9","95,1","92,6","94,9","88,4","1,6","5,4","8,3"
2006,OCT,"81,8",98,"96,5",96,"96,7","92,7","99,4","74,6",100,"95,2","93,1","95,2","90,2",2,"7,5","8,7"
2006,NOV,"85,8",98,"96,5","95,5","96,9",93,"99,1","74,6","99,9","95,2","94,1","95,4","91,9","1,9","9,5","8,9"
2006,DIC,"91,7","97,9","96,5","95,2","96,9","93,2","99,1","74,6","99,9","95,2","95,1","95,4","94,4","2,7","12,5","12,5"
2007,ENE,"89,1","97,9","96,8","95,4","97,1","94,2","99,1","74,6","99,8","95,2","95,3","95,3","93,4",-1,-1,"9,8"
2007,FEB,"88,4","97,7","97,1","95,5","97,1","94,2","98,4","74,6","100,1","95,2","95,8","95,9","93,1","-0,3","-1,3","8,3"
2007,MAR,"86,6","97,8","97,4","95,3","97,1","94,5","95,9","74,6","100,1",100,"96,2","96,2","92,2",-1,"-2,3","5,6"
2007,ABR,"88,7","97,5","97,5","95,4","96,5","94,6","95,9","74,6","99,9",100,96,"96,4","93,1","0,9","-1,4","6,2"
2007,MAY,"89,5","97,4","97,7","95,9","96,7","96,2",96,"74,6","99,9",100,"95,9","96,5","93,6","0,5","-0,8","7,1"
2007,JUN,"87,4","96,9","97,8","97,1",97,"96,8","96,9","74,6","99,8",100,"96,2","96,6",93,"-0,7","-1,5","6,8"
2007,JUL,"87,9",97,"97,9","97,5","97,5","97,8","96,9","74,6","99,9",100,"96,8","96,8","93,3","0,4","-1,1","7,5"
2007,AGO,"94,3","97,4",98,"98,6","97,8",99,97,"90,6",100,100,"97,7","97,8","96,5","3,4","2,3","10,9"
2007,SEP,"96,2","97,7","98,3","98,7",98,"99,2","96,7","90,6","99,9",100,"98,7","98,2","97,4","0,9","3,2","10,1"
2007,OCT,"103,8","98,6","99,2","99,3","98,5","99,5","98,1",100,100,100,"99,2","98,6",101,"3,7",7,12
2007,NOV,"97,5","99,7","99,5","99,6","98,9","99,9","99,8",100,"99,9",100,"99,9","99,4","98,7","-2,2","4,6","7,4"
2007,DIC,100,100,100,100,100,100,100,100,100,100,100,100,100,"1,3",6,6
2008,ENE,"103,4","100,3","100,2","100,3","101,3","100,4","100,9","99,7","102,2","100,1","100,9","101,4","101,6","1,6","1,6","8,8"
2008,FEB,"104,9","100,5","100,2","101,2","102,4","100,5","104,3","98,4",102,"101,3","101,9","101,9","102,9","1,3","2,9","10,5"
2008,MAR,"106,1","100,3","100,4","101,8","102,9",101,"103,9","97,3","101,8","106,3","102,7","102,2","103,6","0,7","3,6","12,3"
2008,ABR,"107,7","100,4","100,7","102,6","103,1","102,2","103,9","97,1","101,2",107,"105,2","102,7","104,4","0,8","4,4","12,1"
2008,MAY,"106,4",101,"100,5","103,9","103,4",103,"104,3","95,9","100,9",107,"106,5","103,2","104,2","-0,2","4,2","11,3"
2008,JUN,"108,6",102,"100,7","105,3","104,2","103,2","105,2","95,1","102,3",107,"107,3","103,8","105,4","1,2","5,4","13,4"
2008,JUL,"109,3","105,1","100,9","106,8","104,3","103,3","105,2","92,9",102,"107,4","109,1","103,9","105,9","0,5","5,9","13,4"
2008,AGO,"110,3","105,6","101,1","107,8","105,1","103,5","105,6",92,102,"107,4","110,2","104,3","106,5","0,6","6,5","10,4"
2008,SEP,"108,7","105,7","101,2","107,8","105,3","103,9",106,"88,7","103,6","107,4","110,9","105,1","106,2","-0,3","6,2","9,1"
2008,OCT,"106,2","105,4",102,"107,7","108,5","103,9","110,3",91,"105,4","107,4","111,9","105,6","106,5","0,3","6,5","5,5"
2008,NOV,"105,9","106,2","102,8","107,3","110,2","103,9","111,6","90,3","105,7","107,4","112,3","106,6","106,9","0,4","6,9","8,3"
2008,DIC,"107,5","107,6","103,3","106,3",111,"104,2","110,7","91,5","107,2","107,4",113,"107,3","107,5","0,6","7,5","7,5"
2009,ENE,"108,7",109,"103,8","105,8","111,1","104,4","107,8","89,1","108,1","107,4","113,3","108,6","107,6","0,1","0,1","5,9"
2009,FEB,"107,4","110,4","103,9","105,6","111,5","104,4",108,"89,8","108,4","108,4","113,5","108,9","107,3","-0,3","-0,2","4,3"
2009,MAR,"105,5","112,2",104,"105,5","112,1","105,3","108,1","90,3","108,3","111,9","113,8","109,8","107,1","-0,2","-0,4","3,4"
2009,ABR,"104,2","113,3","104,2","105,7","112,2","105,5","107,5","89,1","107,9","111,9","113,8","109,9","106,5","-0,6","-0,9",2
2009,MAY,"103,8","114,9","104,4","106,2","112,2","105,7","107,3","88,7",108,"111,9","114,4",110,"106,5",0,"-0,9","2,2"
2009,JUN,"106,5",115,"104,4","106,4","112,3","105,7","107,1",89,"108,1","111,9","114,4","110,2","107,4","0,8","-0,1","1,9"
2009,JUL,"104,8","115,4","104,5","107,4","113,1","105,8","107,4","88,8",109,112,"114,8","110,3","107,1","-0,3","-0,4","1,1"
2009,AGO,108,"115,8","104,5","107,5",113,"106,1",107,"87,4","109,9","112,2","115,2","110,1","108,2",1,"0,7","1,6"
2009,SEP,"109,4","116,7","104,6","107,4","113,2","106,3","106,8","87,4","109,8","112,2","115,6","110,5","108,6","0,4",1,"2,3"
2009,OCT,112,"117,6","104,6","107,7","113,2","106,3","106,6","86,9",110,"112,2",116,"110,4","109,5","0,8","1,9","2,8"
2009,NOV,"110,2","117,9","104,7","107,9","113,2","106,3","106,3","87,4","110,2","112,2","116,6","110,2",109,"-0,5","1,4",2
2009,DIC,"112,2","118,7","104,7","108,1","114,2","106,3",105,"86,6","109,7","112,2","117,1","110,2","109,5","0,5","1,9","1,9"
2010,ENE,"115,1",120,"104,9","108,2","114,3","106,1","105,6","86,8","109,5","112,2","118,3","110,9","110,6",1,1,"2,8"
2010,FEB,"113,4","121,3","105,1","109,3","114,5","106,1","105,7","86,7","109,7","116,8","118,9","111,2","110,5","-0,1","0,9",3
2010,MAR,"115,4","122,7","105,6","110,7","116,1","106,2","105,4",87,"109,8","117,8","119,7","111,7","111,5","0,9","1,8","4,1"
2010,ABR,"117,8","122,7","105,7",111,"116,2","106,3","105,6","86,9","109,7","117,8","120,9","111,6","112,4","0,8","2,6","5,5"
2010,MAY,"113,9","123,4","105,9","111,2","116,2","106,7","106,2","86,9",110,"117,8","121,2","111,8","111,3",-1,"1,6","4,5"
2010,JUN,"114,9","123,9",106,"112,3","117,2","107,3","106,5","86,6","110,4","117,8","122,4","111,9",112,"0,6","2,3","4,3"
2010,JUL,"114,3","124,1","106,3","113,6","117,4","107,4","106,8",87,"110,5","117,8","123,6","112,1","112,1","0,1","2,4","4,7"
2010,AGO,"116,6","124,9","106,4","114,6","117,4","107,7","106,9","87,7","110,6","118,6",125,"112,2","113,1","0,9","3,3","4,5"
2010,SEP,"114,5","125,2","106,6",114,"118,1","108,2",107,"87,7","111,7","118,6","126,8","112,3","112,7","-0,4","2,9","3,8"
2010,OCT,"121,4","127,7",107,"114,2","118,3",109,"107,8",88,112,"118,6",128,"112,7","115,2","2,2","5,2","5,2"
2010,NOV,"120,9","130,8","107,4","115,1","118,8","109,4","110,2","85,5","112,4","118,7","129,2",113,"115,7","0,4","5,7","6,1"
2010,DIC,"124,8","131,8","107,4","115,5","119,4","109,5","111,6","86,1","112,3","118,7","131,5","113,1","117,4","1,5","7,2","7,2"
2011,ENE,"129,2","131,9","107,5","116,4","119,6","109,6","112,8","86,1","112,9","118,7",133,"113,8","119,2","1,5","1,5","7,8"
2011,FEB,"132,8","132,4",108,"116,6","120,7","109,9","112,8","86,1","113,4","125,6","134,7","115,3",121,"1,5","3,1","9,5"
2011,MAR,"137,3","132,4","108,6","119,1",121,"110,4",113,"85,8","113,8",126,"136,5","116,3",123,"1,7","4,8","10,3"
2011,ABR,"136,5","132,4",109,119,"121,1","110,5","111,4","85,1","113,5",126,"137,6","116,4","122,6","-0,3","4,4","9,1"
2011,MAY,"135,8","132,4","109,2","119,3","121,6","110,7","111,2","85,1","113,9",126,"139,5","116,8","122,6",0,"4,4","10,2"
2011,JUN,"131,4","136,3","109,5","122,1","121,7","110,9","113,5","85,1","113,7",126,"140,8",117,"121,9","-0,6","3,8","8,8"
2011,JUL,"130,5","135,9","110,3","122,7","122,5","110,9","113,6","86,2","113,8",126,"142,6","117,4","121,9",0,"3,8","8,7"
2011,AGO,"134,2","136,1","110,4","123,3","122,8","110,9","113,1","86,1","113,3",126,143,"117,7","123,1",1,"4,9","8,8"
2011,SEP,"134,1","136,1","110,5","123,5",123,"110,9","113,6","86,2","113,4",126,"143,5","118,3","123,3","0,2",5,"9,4"
2011,OCT,"130,1","135,9",111,"123,6","123,1","111,3","114,6","86,5","113,8","126,1","144,5","118,5","122,3","-0,8","4,2","6,2"
2011,NOV,"128,1","135,9","111,4","124,3","123,5","111,6","116,5",87,"114,3","126,2","145,6","118,7","122,2","-0,1","4,1","5,6"
2011,DIC,"129,7","135,8","111,9","124,7","123,6","111,8","118,6","86,9",115,"126,2","146,6",119,"123,2","0,8","4,9","4,9"
2012,ENE,"131,8","136,3","112,2","125,6","124,4","112,4","120,5","87,6","115,8","126,2","146,7","120,4","124,5","1,1","1,1","4,4"
2012,FEB,"132,9","136,5","112,7","128,2","127,5","113,3","122,1","87,9","117,5",138,"147,9","121,6","126,4","1,5","2,6","4,5"
2012,MAR,"133,3","136,8","113,3","131,3","128,7","113,5",121,"87,7","117,8","138,9","148,9","123,3",127,"0,5","3,1","3,3"
2012,ABR,"131,8","136,7","113,7","131,6","129,6","113,7","121,4","87,7","117,9","138,9","149,4","123,4","126,7","-0,2","2,8","3,3"
2012,MAY,"131,8","136,9","114,1","133,1","131,4","114,4","121,7","87,8","117,9","138,9","149,6","123,7","127,2","0,4","3,2","3,8"
2012,JUN,"129,3","138,6","114,6","133,7","131,6","114,9","122,1","89,1","118,9","138,9","149,9","124,1","126,7","-0,4","2,8","3,9"
2012,JUL,"129,3","139,9","114,7",134,"131,7","115,4","121,7","89,3",119,"138,9","150,6","124,2","126,8","0,1","2,9",4
2012,AGO,"127,7","142,5","114,7","134,4",133,"115,6","121,4","89,3","119,6",139,"150,7","124,7","126,5","-0,2","2,7","2,8"
2012,SEP,"127,7","143,5","115,3","135,5","133,4","115,6","121,1","89,7","120,8",139,"150,9","124,9","126,7","0,2","2,8","2,8"
2012,OCT,"125,8","143,9","115,5","135,7","133,7","115,7","121,9","89,6","120,8",139,"151,1","125,6","126,4","-0,2","2,6","3,4"
2012,NOV,"127,8","144,1","115,8","135,9","134,5","115,8","121,9","89,6","121,1","139,1","151,5","125,8","127,2","0,6","3,2","4,1"
2012,DIC,"130,6","145,9",116,"136,3","134,6","115,9","121,4","89,6","121,4","139,1","152,7","125,7","128,1","0,7",4,4
2013,ENE,"135,3","147,3","116,2","136,7","135,6",116,"119,4","90,4","121,5","139,2","152,9","126,8","129,6","1,2","1,2","4,1"
2013,FEB,"131,7","148,4","116,5","138,2","136,1","116,2","116,5","90,3","121,8","148,8","153,2","126,5","128,6","-0,8","0,4","1,7"
2013,MAR,"131,7","148,3","116,8","138,3","136,2","116,4","115,3","90,3","121,3","149,7","153,2","126,7","128,5","-0,1","0,3","1,2"
2013,ABR,"132,4","148,4",117,"138,4","136,4",117,"113,7","90,8","121,7","149,7","153,9","126,9","128,7","0,2","0,5","1,6"
2013,MAY,"130,6","148,7","117,4","138,8","136,7",117,"114,4",91,"122,3","149,7","154,3","127,2","128,3","-0,3","0,2","0,9"
2013,JUN,"131,3","148,9","117,6","139,1","136,9","117,1","115,5","91,5","122,6","149,7","155,1","127,8","128,9","0,5","0,6","1,7"
2013,JUL,132,149,"117,8","139,5","138,3","117,1","116,9","92,8",123,"149,7","155,5","128,1","129,6","0,5","1,2","2,2"
2013,AGO,134,149,118,140,"138,3","117,3","117,1","92,8","123,3","149,6","155,8","128,1","130,4","0,6","1,8","3,1"
2013,SEP,"134,3","149,2",118,"140,8","138,5","117,8","117,5","95,7",123,"149,6","156,4","128,2","130,8","0,3","2,1","3,2"
2013,OCT,"137,6",149,118,"141,4","138,7","117,9","117,3","97,2","123,1","149,6","156,4","128,1","131,9","0,8",3,"4,4"
2013,NOV,"139,8","148,2","118,6","141,5","138,9","118,6","117,3","99,4","123,6","149,6","157,1","128,1","132,8","0,7","3,7","4,4"
2013,DIC,"139,4","148,5","118,7","141,5",139,"118,6","118,2",100,"123,5","149,6","157,7","128,3","132,9","0,1","3,7","3,7"
2014,ENE,"141,8","147,9",119,142,"139,1","119,1","123,4","102,1","123,7","149,6","158,6","128,4","134,7","1,4","1,4","3,9"
2014,FEB,"142,4","149,3","119,2","142,9","140,2","120,3","122,8","102,1","124,4","159,4","159,9",130,"135,6","0,7",2,"5,4"
2014,MAR,"144,1","149,7","119,4","144,2","140,5","120,5","122,5","101,9","124,2","159,5","160,4","130,3","136,3","0,5","2,6","6,1"
2014,ABR,"145,1",150,"119,7","144,9","140,5","120,6","122,6","102,4","124,6","159,7","160,8","130,6","136,9","0,4",3,"6,4"
2014,MAY,"145,4","149,7",120,146,"141,1","121,2","122,7","103,5",125,"159,9",162,"130,7","137,3","0,3","3,3",7
2014,JUN,"144,3","149,9","120,1","146,5","141,7","121,4",123,"103,4",125,"159,9","162,5","130,9","137,1","-0,1","3,2","6,4"
2014,JUL,"142,9","150,4","120,2","146,9","141,8","122,9","122,6","103,4","124,8","159,9","162,8","130,8","136,7","-0,3","2,9","5,5"
2014,AGO,"140,9","150,9","120,2","147,3","141,9","123,9","122,3","103,6","125,3","159,9","163,3","130,9","136,2","-0,4","2,5","4,4"
2014,SEP,140,151,"120,2","147,7","143,5","123,9","122,6","105,2",126,"159,9","163,6","130,9","136,2",0,"2,5","4,1"
2014,OCT,"139,8","151,4","120,7","147,9","143,6","124,1","123,6","107,7","125,9","159,9",164,"131,3","136,5","0,2","2,7","3,5"
2014,NOV,"142,1","151,4","120,9","148,3","143,6","124,3","124,5","107,7","126,7","159,9","164,4","131,4","137,5","0,7","3,5","3,5"
2014,DIC,"145,3","151,1","121,2","148,1","143,8","124,5",124,"107,7","126,7","159,9","165,1","131,7","138,5","0,7","4,2","4,2"
2015,ENE,"147,5","151,1","121,2","148,3","143,8","125,4","123,6","107,8","127,1",160,"165,4",132,"139,3","0,6","0,6","3,4"
2015,FEB,"149,9","151,1","121,6","148,8","144,4","125,7","119,2","107,9","127,3","168,9",166,"132,2",140,"0,5","1,1","3,2"
2015,MAR,"148,4","151,5","121,7","149,1","145,9","127,1","118,7","108,9",128,"169,2","167,2","132,9","139,9","-0,1",1,"2,6"
2015,ABR,"146,7","152,2","121,9","149,3",146,"127,5",120,109,"128,6","169,7","167,8","133,2","139,7","-0,1","0,9",2
2015,MAY,"151,8","152,8","122,3",150,"147,9","128,9","120,6","109,7","129,8","169,7","167,8","133,8","141,8","1,5","2,4","3,3"
2015,JUN,"147,1","153,1","122,4","150,3","148,1","129,2","121,1","109,8","130,3","169,7",168,"134,2","140,5","-0,9","1,4","2,5"
2015,JUL,"149,3","153,8","122,5",151,"148,7","129,5","121,9","112,6","130,5","169,7","168,1","134,8","141,6","0,8","2,2","3,6"
2015,AGO,"147,3","154,5","122,7","151,3","149,5","129,7","123,6","112,8","131,5","169,7","168,2","135,3","141,5","-0,1","2,2","3,9"
2015,SEP,145,"154,9","123,1","151,6","151,4",130,"124,5","112,6",133,"169,7",168,"136,8","141,3","-0,1",2,"3,7"
2015,OCT,"142,1","156,7","123,5","152,1","152,1","130,5","125,6","112,9","133,9","169,7","168,2","138,9","140,9","-0,3","1,7","3,2"
2015,NOV,"143,2","157,4","123,8",152,153,"130,5","125,7","113,4","133,9","169,7","169,1","140,2","141,5","0,4","2,2","2,9"
2015,DIC,146,"157,7","124,3","152,2","153,3","131,1","127,1","114,7","134,3","169,7","169,2",141,"142,8","0,9","3,1","3,1"
